TransactionId,UserId,VisitYear,VisitMonth,VisitMode,AttractionId,Rating,ContinentId,RegionId,CountryId,CityId,AttractionCityId,AttractionTypeId,Attraction,AttractionAddress
3,70456,2022,10,2,640,5,5,21,163,4341.0,1,63,Sacred Monkey Forest Sanctuary,"Jl. Monkey Forest, Ubud 80571 Indonesia"
8,7567,2022,10,4,640,5,2,8,48,464.0,1,63,Sacred Monkey Forest Sanctuary,"Jl. Monkey Forest, Ubud 80571 Indonesia"
9,79069,2022,10,3,640,5,2,9,54,774.0,1,63,Sacred Monkey Forest Sanctuary,"Jl. Monkey Forest, Ubud 80571 Indonesia"
10,31019,2022,10,3,640,3,5,17,135,583.0,1,63,Sacred Monkey Forest Sanctuary,"Jl. Monkey Forest, Ubud 80571 Indonesia"
15,43611,2022,10,2,640,3,5,21,163,1396.0,1,63,Sacred Monkey Forest Sanctuary,"Jl. Monkey Forest, Ubud 80571 Indonesia"
18,43471,2022,10,4,640,5,2,8,51,1806.0,1,63,Sacred Monkey Forest Sanctuary,"Jl. Monkey Forest, Ubud 80571 Indonesia"
22,76492,2022,9,2,640,4,1,2,9,31.0,1,63,Sacred Monkey Forest Sanctuary,"Jl. Monkey Forest, Ubud 80571 Indonesia"
23,20977,2022,10,4,640,5,5,21,163,8258.0,1,63,Sacred Monkey Forest Sanctuary,"Jl. Monkey Forest, Ubud 80571 Indonesia"
28,18655,2022,9,2,640,3,1,4,22,114.0,1,63,Sacred Monkey Forest Sanctuary,"Jl. Monkey Forest, Ubud 80571 Indonesia"
29,62907,2022,9,2,640,5,2,8,51,50.0,1,63,Sacred Monkey Forest Sanctuary,"Jl. Monkey Forest, Ubud 80571 Indonesia"
31,86054,2022,9,2,640,5,5,21,163,8809.0,1,63,Sacred Monkey Forest Sanctuary,"Jl. Monkey Forest, Ubud 80571 Indonesia"
33,41979,2022,9,2,640,5,4,15,109,5365.0,1,63,Sacred Monkey Forest Sanctuary,"Jl. Monkey Forest, Ubud 80571 Indonesia"
39,38726,2022,9,4,640,3,4,16,115,5506.0,1,63,Sacred Monkey Forest Sanctuary,"Jl. Monkey Forest, Ubud 80571 Indonesia"
43,67147,2022,8,2,640,4,5,21,163,818.0,1,63,Sacred Monkey Forest Sanctuary,"Jl. Monkey Forest, Ubud 80571 Indonesia"
44,2307,2022,9,2,640,4,4,15,109,4303.0,1,63,Sacred Monkey Forest Sanctuary,"Jl. Monkey Forest, Ubud 80571 Indonesia"
45,3660,2022,9,2,640,5,4,15,109,4398.0,1,63,Sacred Monkey Forest Sanctuary,"Jl. Monkey Forest, Ubud 80571 Indonesia"
46,50130,2022,9,4,640,3,5,21,163,8513.0,1,63,Sacred Monkey Forest Sanctuary,"Jl. Monkey Forest, Ubud 80571 Indonesia"
54,30450,2022,8,2,640,4,5,21,163,5264.0,1,63,Sacred Monkey Forest Sanctuary,"Jl. Monkey Forest, Ubud 80571 Indonesia"
56,82637,2022,7,3,640,4,4,15,109,3687.0,1,63,Sacred Monkey Forest Sanctuary,"Jl. Monkey Forest, Ubud 80571 Indonesia"
61,33716,2022,7,5,640,5,3,12,89,2617.0,1,63,Sacred Monkey Forest Sanctuary,"Jl. Monkey Forest, Ubud 80571 Indonesia"
64,46517,2022,8,3,640,1,5,21,163,8366.0,1,63,Sacred Monkey Forest Sanctuary,"Jl. Monkey Forest, Ubud 80571 Indonesia"
66,50127,2022,8,2,640,5,3,12,88,2607.0,1,63,Sacred Monkey Forest Sanctuary,"Jl. Monkey Forest, Ubud 80571 Indonesia"
67,61876,2022,8,2,640,5,1,4,22,191.0,1,63,Sacred Monkey Forest Sanctuary,"Jl. Monkey Forest, Ubud 80571 Indonesia"
68,16769,2022,6,2,640,5,5,18,138,693.0,1,63,Sacred Monkey Forest Sanctuary,"Jl. Monkey Forest, Ubud 80571 Indonesia"
69,9804,2022,7,2,640,4,4,15,109,535.0,1,63,Sacred Monkey Forest Sanctuary,"Jl. Monkey Forest, Ubud 80571 Indonesia"
72,44419,2022,7,2,640,5,5,21,163,9057.0,1,63,Sacred Monkey Forest Sanctuary,"Jl. Monkey Forest, Ubud 80571 Indonesia"
73,84531,2022,7,2,640,5,4,15,109,1434.0,1,63,Sacred Monkey Forest Sanctuary,"Jl. Monkey Forest, Ubud 80571 Indonesia"
75,83915,2022,7,2,640,5,3,14,101,3226.0,1,63,Sacred Monkey Forest Sanctuary,"Jl. Monkey Forest, Ubud 80571 Indonesia"
76,62742,2022,7,2,640,4,4,15,109,3915.0,1,63,Sacred Monkey Forest Sanctuary,"Jl. Monkey Forest, Ubud 80571 Indonesia"
77,47615,2022,7,2,640,5,3,13,93,2690.0,1,63,Sacred Monkey Forest Sanctuary,"Jl. Monkey Forest, Ubud 80571 Indonesia"
78,85459,2022,7,3,640,5,4,15,109,4883.0,1,63,Sacred Monkey Forest Sanctuary,"Jl. Monkey Forest, Ubud 80571 Indonesia"
80,71946,2022,7,4,640,3,5,17,135,6213.0,1,63,Sacred Monkey Forest Sanctuary,"Jl. Monkey Forest, Ubud 80571 Indonesia"
82,54719,2022,7,4,640,5,2,8,51,929.0,1,63,Sacred Monkey Forest Sanctuary,"Jl. Monkey Forest, Ubud 80571 Indonesia"
87,16291,2022,7,3,640,4,4,15,109,4272.0,1,63,Sacred Monkey Forest Sanctuary,"Jl. Monkey Forest, Ubud 80571 Indonesia"
93,18137,2022,6,2,640,1,4,15,109,1434.0,1,63,Sacred Monkey Forest Sanctuary,"Jl. Monkey Forest, Ubud 80571 Indonesia"
95,37338,2022,6,3,640,5,4,15,109,3915.0,1,63,Sacred Monkey Forest Sanctuary,"Jl. Monkey Forest, Ubud 80571 Indonesia"
97,18628,2022,6,3,640,4,3,13,93,2690.0,1,63,Sacred Monkey Forest Sanctuary,"Jl. Monkey Forest, Ubud 80571 Indonesia"
103,47542,2022,6,5,640,3,1,3,14,52.0,1,63,Sacred Monkey Forest Sanctuary,"Jl. Monkey Forest, Ubud 80571 Indonesia"
105,71155,2022,6,4,640,5,3,12,89,2623.0,1,63,Sacred Monkey Forest Sanctuary,"Jl. Monkey Forest, Ubud 80571 Indonesia"
106,73515,2022,6,2,640,5,5,20,152,6955.0,1,63,Sacred Monkey Forest Sanctuary,"Jl. Monkey Forest, Ubud 80571 Indonesia"
111,1953,2022,5,4,640,4,3,13,93,2898.0,1,63,Sacred Monkey Forest Sanctuary,"Jl. Monkey Forest, Ubud 80571 Indonesia"
112,31372,2022,5,2,640,4,5,21,163,8888.0,1,63,Sacred Monkey Forest Sanctuary,"Jl. Monkey Forest, Ubud 80571 Indonesia"
114,35045,2022,5,2,640,5,3,14,101,3098.0,1,63,Sacred Monkey Forest Sanctuary,"Jl. Monkey Forest, Ubud 80571 Indonesia"
116,79488,2022,4,3,640,2,2,8,48,402.0,1,63,Sacred Monkey Forest Sanctuary,"Jl. Monkey Forest, Ubud 80571 Indonesia"
117,14186,2022,4,3,640,4,5,21,163,426.0,1,63,Sacred Monkey Forest Sanctuary,"Jl. Monkey Forest, Ubud 80571 Indonesia"
123,78554,2021,10,2,640,5,3,14,101,3098.0,1,63,Sacred Monkey Forest Sanctuary,"Jl. Monkey Forest, Ubud 80571 Indonesia"
124,30511,2021,11,4,640,5,3,14,101,3098.0,1,63,Sacred Monkey Forest Sanctuary,"Jl. Monkey Forest, Ubud 80571 Indonesia"
127,50138,2021,7,4,640,5,5,21,163,8652.0,1,63,Sacred Monkey Forest Sanctuary,"Jl. Monkey Forest, Ubud 80571 Indonesia"
132,83974,2020,10,5,640,5,4,15,109,3915.0,1,63,Sacred Monkey Forest Sanctuary,"Jl. Monkey Forest, Ubud 80571 Indonesia"
133,40006,2021,5,5,640,5,3,14,101,3260.0,1,63,Sacred Monkey Forest Sanctuary,"Jl. Monkey Forest, Ubud 80571 Indonesia"
136,50311,2021,1,2,640,4,5,21,163,337.0,1,63,Sacred Monkey Forest Sanctuary,"Jl. Monkey Forest, Ubud 80571 Indonesia"
138,56894,2021,1,2,640,5,4,16,115,178.0,1,63,Sacred Monkey Forest Sanctuary,"Jl. Monkey Forest, Ubud 80571 Indonesia"
141,36421,2020,12,4,640,5,3,14,101,3262.0,1,63,Sacred Monkey Forest Sanctuary,"Jl. Monkey Forest, Ubud 80571 Indonesia"
143,62902,2020,1,3,640,5,2,8,51,1847.0,1,63,Sacred Monkey Forest Sanctuary,"Jl. Monkey Forest, Ubud 80571 Indonesia"
144,61175,2020,12,2,640,5,3,14,101,3106.0,1,63,Sacred Monkey Forest Sanctuary,"Jl. Monkey Forest, Ubud 80571 Indonesia"
145,61849,2019,11,2,640,4,1,4,22,106.0,1,63,Sacred Monkey Forest Sanctuary,"Jl. Monkey Forest, Ubud 80571 Indonesia"
150,51784,2019,10,2,640,5,2,8,51,1443.0,1,63,Sacred Monkey Forest Sanctuary,"Jl. Monkey Forest, Ubud 80571 Indonesia"
158,61709,2019,12,2,640,5,5,21,163,4575.0,1,63,Sacred Monkey Forest Sanctuary,"Jl. Monkey Forest, Ubud 80571 Indonesia"
168,64920,2020,3,2,640,4,5,21,163,8215.0,1,63,Sacred Monkey Forest Sanctuary,"Jl. Monkey Forest, Ubud 80571 Indonesia"
170,27538,2020,4,4,640,5,2,8,48,545.0,1,63,Sacred Monkey Forest Sanctuary,"Jl. Monkey Forest, Ubud 80571 Indonesia"
171,27449,2019,7,3,640,4,3,14,101,3014.0,1,63,Sacred Monkey Forest Sanctuary,"Jl. Monkey Forest, Ubud 80571 Indonesia"
172,64392,2020,3,2,640,5,2,8,48,371.0,1,63,Sacred Monkey Forest Sanctuary,"Jl. Monkey Forest, Ubud 80571 Indonesia"
174,79911,2019,11,2,640,5,2,8,51,2036.0,1,63,Sacred Monkey Forest Sanctuary,"Jl. Monkey Forest, Ubud 80571 Indonesia"
176,55535,2020,3,2,640,5,5,21,163,1840.0,1,63,Sacred Monkey Forest Sanctuary,"Jl. Monkey Forest, Ubud 80571 Indonesia"
181,51283,2020,3,2,640,4,2,8,51,654.0,1,63,Sacred Monkey Forest Sanctuary,"Jl. Monkey Forest, Ubud 80571 Indonesia"
183,73796,2020,3,4,640,4,4,16,115,5589.0,1,63,Sacred Monkey Forest Sanctuary,"Jl. Monkey Forest, Ubud 80571 Indonesia"
185,21207,2020,3,4,640,3,5,21,163,8513.0,1,63,Sacred Monkey Forest Sanctuary,"Jl. Monkey Forest, Ubud 80571 Indonesia"
187,23868,2020,3,4,640,5,2,8,48,545.0,1,63,Sacred Monkey Forest Sanctuary,"Jl. Monkey Forest, Ubud 80571 Indonesia"
190,13954,2019,8,3,640,3,2,8,51,1282.0,1,63,Sacred Monkey Forest Sanctuary,"Jl. Monkey Forest, Ubud 80571 Indonesia"
192,55381,2019,6,4,640,2,5,21,163,743.0,1,63,Sacred Monkey Forest Sanctuary,"Jl. Monkey Forest, Ubud 80571 Indonesia"
194,71073,2020,3,2,640,5,5,21,163,8317.0,1,63,Sacred Monkey Forest Sanctuary,"Jl. Monkey Forest, Ubud 80571 Indonesia"
195,113,2020,3,2,640,4,5,17,125,6000.0,1,63,Sacred Monkey Forest Sanctuary,"Jl. Monkey Forest, Ubud 80571 Indonesia"
205,16816,2020,3,2,640,5,5,21,163,8215.0,1,63,Sacred Monkey Forest Sanctuary,"Jl. Monkey Forest, Ubud 80571 Indonesia"
206,41624,2020,3,2,640,5,2,8,51,1474.0,1,63,Sacred Monkey Forest Sanctuary,"Jl. Monkey Forest, Ubud 80571 Indonesia"
207,33038,2020,3,3,640,5,4,15,109,3979.0,1,63,Sacred Monkey Forest Sanctuary,"Jl. Monkey Forest, Ubud 80571 Indonesia"
208,46031,2020,2,5,640,4,2,8,48,441.0,1,63,Sacred Monkey Forest Sanctuary,"Jl. Monkey Forest, Ubud 80571 Indonesia"
211,81844,2020,3,2,640,5,2,8,51,1674.0,1,63,Sacred Monkey Forest Sanctuary,"Jl. Monkey Forest, Ubud 80571 Indonesia"
212,64368,2020,2,3,640,5,3,12,89,2625.0,1,63,Sacred Monkey Forest Sanctuary,"Jl. Monkey Forest, Ubud 80571 Indonesia"
213,51849,2020,3,4,640,5,5,21,163,8837.0,1,63,Sacred Monkey Forest Sanctuary,"Jl. Monkey Forest, Ubud 80571 Indonesia"
223,53252,2019,4,4,640,5,2,8,51,1552.0,1,63,Sacred Monkey Forest Sanctuary,"Jl. Monkey Forest, Ubud 80571 Indonesia"
224,29563,2020,3,3,640,5,4,16,115,5572.0,1,63,Sacred Monkey Forest Sanctuary,"Jl. Monkey Forest, Ubud 80571 Indonesia"
225,66839,2020,2,3,640,4,5,21,159,7536.0,1,63,Sacred Monkey Forest Sanctuary,"Jl. Monkey Forest, Ubud 80571 Indonesia"
226,42947,2020,1,2,640,5,5,21,163,8402.0,1,63,Sacred Monkey Forest Sanctuary,"Jl. Monkey Forest, Ubud 80571 Indonesia"
231,77269,2020,3,2,640,4,5,21,163,8136.0,1,63,Sacred Monkey Forest Sanctuary,"Jl. Monkey Forest, Ubud 80571 Indonesia"
232,4371,2020,3,2,640,5,4,15,109,1434.0,1,63,Sacred Monkey Forest Sanctuary,"Jl. Monkey Forest, Ubud 80571 Indonesia"
233,25561,2019,6,2,640,5,3,14,101,3013.0,1,63,Sacred Monkey Forest Sanctuary,"Jl. Monkey Forest, Ubud 80571 Indonesia"
236,16514,2020,3,2,640,3,5,19,145,6677.0,1,63,Sacred Monkey Forest Sanctuary,"Jl. Monkey Forest, Ubud 80571 Indonesia"
237,52730,2020,3,2,640,5,5,20,153,6972.0,1,63,Sacred Monkey Forest Sanctuary,"Jl. Monkey Forest, Ubud 80571 Indonesia"
238,21256,2020,3,2,640,5,4,16,115,5488.0,1,63,Sacred Monkey Forest Sanctuary,"Jl. Monkey Forest, Ubud 80571 Indonesia"
239,45191,2020,3,2,640,5,5,21,163,8221.0,1,63,Sacred Monkey Forest Sanctuary,"Jl. Monkey Forest, Ubud 80571 Indonesia"
240,81154,2020,3,2,640,4,2,8,48,333.0,1,63,Sacred Monkey Forest Sanctuary,"Jl. Monkey Forest, Ubud 80571 Indonesia"
241,57365,2020,3,2,640,4,2,8,48,576.0,1,63,Sacred Monkey Forest Sanctuary,"Jl. Monkey Forest, Ubud 80571 Indonesia"
242,85847,2020,3,3,640,4,3,14,101,3285.0,1,63,Sacred Monkey Forest Sanctuary,"Jl. Monkey Forest, Ubud 80571 Indonesia"
244,59810,2020,3,4,640,4,3,11,70,2282.0,1,63,Sacred Monkey Forest Sanctuary,"Jl. Monkey Forest, Ubud 80571 Indonesia"
246,16482,2020,1,4,640,5,2,8,51,1972.0,1,63,Sacred Monkey Forest Sanctuary,"Jl. Monkey Forest, Ubud 80571 Indonesia"
249,45653,2020,2,2,640,5,4,16,115,5671.0,1,63,Sacred Monkey Forest Sanctuary,"Jl. Monkey Forest, Ubud 80571 Indonesia"
250,70967,2020,3,5,640,5,3,14,101,3285.0,1,63,Sacred Monkey Forest Sanctuary,"Jl. Monkey Forest, Ubud 80571 Indonesia"
252,63138,2020,2,4,640,4,2,8,51,765.0,1,63,Sacred Monkey Forest Sanctuary,"Jl. Monkey Forest, Ubud 80571 Indonesia"
254,17811,2020,2,5,640,5,3,14,108,3667.0,1,63,Sacred Monkey Forest Sanctuary,"Jl. Monkey Forest, Ubud 80571 Indonesia"
258,10370,2020,2,5,640,4,3,12,86,2564.0,1,63,Sacred Monkey Forest Sanctuary,"Jl. Monkey Forest, Ubud 80571 Indonesia"
259,28567,2020,2,2,640,5,5,21,163,743.0,1,63,Sacred Monkey Forest Sanctuary,"Jl. Monkey Forest, Ubud 80571 Indonesia"
262,43435,2020,2,5,640,4,4,15,109,935.0,1,63,Sacred Monkey Forest Sanctuary,"Jl. Monkey Forest, Ubud 80571 Indonesia"
264,25621,2020,2,4,640,5,4,15,109,4335.0,1,63,Sacred Monkey Forest Sanctuary,"Jl. Monkey Forest, Ubud 80571 Indonesia"
266,24948,2020,2,2,640,5,2,8,51,1327.0,1,63,Sacred Monkey Forest Sanctuary,"Jl. Monkey Forest, Ubud 80571 Indonesia"
268,14459,2020,2,4,640,5,5,19,145,6651.0,1,63,Sacred Monkey Forest Sanctuary,"Jl. Monkey Forest, Ubud 80571 Indonesia"
273,57716,2020,2,4,640,3,4,15,109,535.0,1,63,Sacred Monkey Forest Sanctuary,"Jl. Monkey Forest, Ubud 80571 Indonesia"
278,77961,2020,2,2,640,5,5,21,163,1459.0,1,63,Sacred Monkey Forest Sanctuary,"Jl. Monkey Forest, Ubud 80571 Indonesia"
279,32533,2020,2,3,640,5,2,9,55,2225.0,1,63,Sacred Monkey Forest Sanctuary,"Jl. Monkey Forest, Ubud 80571 Indonesia"
282,8481,2020,2,2,640,5,4,15,109,4571.0,1,63,Sacred Monkey Forest Sanctuary,"Jl. Monkey Forest, Ubud 80571 Indonesia"
284,53690,2019,4,3,640,5,4,16,115,337.0,1,63,Sacred Monkey Forest Sanctuary,"Jl. Monkey Forest, Ubud 80571 Indonesia"
286,51055,2020,2,2,640,4,5,21,160,4011.0,1,63,Sacred Monkey Forest Sanctuary,"Jl. Monkey Forest, Ubud 80571 Indonesia"
288,62791,2020,2,2,640,3,5,21,163,1396.0,1,63,Sacred Monkey Forest Sanctuary,"Jl. Monkey Forest, Ubud 80571 Indonesia"
290,23746,2020,2,2,640,5,5,21,163,1633.0,1,63,Sacred Monkey Forest Sanctuary,"Jl. Monkey Forest, Ubud 80571 Indonesia"
293,46065,2020,2,2,640,4,2,9,54,2209.0,1,63,Sacred Monkey Forest Sanctuary,"Jl. Monkey Forest, Ubud 80571 Indonesia"
297,58995,2020,1,3,640,5,4,15,109,1434.0,1,63,Sacred Monkey Forest Sanctuary,"Jl. Monkey Forest, Ubud 80571 Indonesia"
298,75223,2020,2,2,640,5,4,15,109,4646.0,1,63,Sacred Monkey Forest Sanctuary,"Jl. Monkey Forest, Ubud 80571 Indonesia"
300,11099,2020,2,2,640,5,5,21,163,780.0,1,63,Sacred Monkey Forest Sanctuary,"Jl. Monkey Forest, Ubud 80571 Indonesia"
308,39393,2020,2,2,640,5,2,8,48,545.0,1,63,Sacred Monkey Forest Sanctuary,"Jl. Monkey Forest, Ubud 80571 Indonesia"
309,4453,2020,2,2,640,5,5,19,144,6609.0,1,63,Sacred Monkey Forest Sanctuary,"Jl. Monkey Forest, Ubud 80571 Indonesia"
310,53132,2020,2,2,640,3,4,15,109,2111.0,1,63,Sacred Monkey Forest Sanctuary,"Jl. Monkey Forest, Ubud 80571 Indonesia"
312,34227,2020,2,2,640,5,5,21,163,7977.0,1,63,Sacred Monkey Forest Sanctuary,"Jl. Monkey Forest, Ubud 80571 Indonesia"
313,18600,2020,2,4,640,4,5,21,163,426.0,1,63,Sacred Monkey Forest Sanctuary,"Jl. Monkey Forest, Ubud 80571 Indonesia"
314,78886,2020,1,3,640,5,4,15,109,1434.0,1,63,Sacred Monkey Forest Sanctuary,"Jl. Monkey Forest, Ubud 80571 Indonesia"
315,18325,2020,2,4,640,1,3,11,69,2282.0,1,63,Sacred Monkey Forest Sanctuary,"Jl. Monkey Forest, Ubud 80571 Indonesia"
316,30475,2020,2,5,640,5,2,8,48,441.0,1,63,Sacred Monkey Forest Sanctuary,"Jl. Monkey Forest, Ubud 80571 Indonesia"
320,51292,2020,2,2,640,4,5,21,163,8688.0,1,63,Sacred Monkey Forest Sanctuary,"Jl. Monkey Forest, Ubud 80571 Indonesia"
321,74902,2020,2,2,640,2,5,21,163,8314.0,1,63,Sacred Monkey Forest Sanctuary,"Jl. Monkey Forest, Ubud 80571 Indonesia"
325,30233,2020,2,4,640,5,5,17,127,6062.0,1,63,Sacred Monkey Forest Sanctuary,"Jl. Monkey Forest, Ubud 80571 Indonesia"
328,42707,2020,2,2,640,4,2,8,51,859.0,1,63,Sacred Monkey Forest Sanctuary,"Jl. Monkey Forest, Ubud 80571 Indonesia"
330,25682,2020,2,2,640,5,2,8,48,384.0,1,63,Sacred Monkey Forest Sanctuary,"Jl. Monkey Forest, Ubud 80571 Indonesia"
331,38154,2019,5,4,640,5,5,19,142,6544.0,1,63,Sacred Monkey Forest Sanctuary,"Jl. Monkey Forest, Ubud 80571 Indonesia"
333,44234,2020,2,5,640,5,2,8,50,616.0,1,63,Sacred Monkey Forest Sanctuary,"Jl. Monkey Forest, Ubud 80571 Indonesia"
334,22217,2020,2,4,640,5,2,8,51,682.0,1,63,Sacred Monkey Forest Sanctuary,"Jl. Monkey Forest, Ubud 80571 Indonesia"
338,12892,2020,2,2,640,5,2,8,51,1320.0,1,63,Sacred Monkey Forest Sanctuary,"Jl. Monkey Forest, Ubud 80571 Indonesia"
339,47829,2020,1,2,640,5,5,21,163,8315.0,1,63,Sacred Monkey Forest Sanctuary,"Jl. Monkey Forest, Ubud 80571 Indonesia"
344,21300,2020,2,4,640,2,3,14,101,3013.0,1,63,Sacred Monkey Forest Sanctuary,"Jl. Monkey Forest, Ubud 80571 Indonesia"
345,17884,2019,10,4,640,5,5,21,163,426.0,1,63,Sacred Monkey Forest Sanctuary,"Jl. Monkey Forest, Ubud 80571 Indonesia"
346,53500,2020,2,5,640,4,3,14,107,3567.0,1,63,Sacred Monkey Forest Sanctuary,"Jl. Monkey Forest, Ubud 80571 Indonesia"
347,76106,2020,2,3,640,5,5,21,163,386.0,1,63,Sacred Monkey Forest Sanctuary,"Jl. Monkey Forest, Ubud 80571 Indonesia"
348,47053,2020,2,4,640,5,4,15,109,3687.0,1,63,Sacred Monkey Forest Sanctuary,"Jl. Monkey Forest, Ubud 80571 Indonesia"
349,85394,2019,3,3,640,4,4,16,115,5556.0,1,63,Sacred Monkey Forest Sanctuary,"Jl. Monkey Forest, Ubud 80571 Indonesia"
351,87911,2020,1,2,640,5,2,8,51,1552.0,1,63,Sacred Monkey Forest Sanctuary,"Jl. Monkey Forest, Ubud 80571 Indonesia"
353,75196,2020,1,3,640,3,5,17,122,5748.0,1,63,Sacred Monkey Forest Sanctuary,"Jl. Monkey Forest, Ubud 80571 Indonesia"
354,85613,2020,1,3,640,5,4,15,109,1434.0,1,63,Sacred Monkey Forest Sanctuary,"Jl. Monkey Forest, Ubud 80571 Indonesia"
361,9756,2020,1,5,640,3,4,15,109,3687.0,1,63,Sacred Monkey Forest Sanctuary,"Jl. Monkey Forest, Ubud 80571 Indonesia"
365,85188,2020,1,4,640,4,3,14,101,3285.0,1,63,Sacred Monkey Forest Sanctuary,"Jl. Monkey Forest, Ubud 80571 Indonesia"
368,21447,2020,1,4,640,4,5,21,163,426.0,1,63,Sacred Monkey Forest Sanctuary,"Jl. Monkey Forest, Ubud 80571 Indonesia"
370,70281,2020,1,2,640,5,5,21,163,8513.0,1,63,Sacred Monkey Forest Sanctuary,"Jl. Monkey Forest, Ubud 80571 Indonesia"
371,68787,2020,1,2,640,5,2,8,51,2024.0,1,63,Sacred Monkey Forest Sanctuary,"Jl. Monkey Forest, Ubud 80571 Indonesia"
373,4179,2020,1,3,640,4,3,13,93,2670.0,1,63,Sacred Monkey Forest Sanctuary,"Jl. Monkey Forest, Ubud 80571 Indonesia"
374,58932,2020,1,2,640,5,5,21,163,8449.0,1,63,Sacred Monkey Forest Sanctuary,"Jl. Monkey Forest, Ubud 80571 Indonesia"
376,5021,2020,1,4,640,4,4,15,109,1434.0,1,63,Sacred Monkey Forest Sanctuary,"Jl. Monkey Forest, Ubud 80571 Indonesia"
379,82983,2020,1,5,640,4,4,15,109,3750.0,1,63,Sacred Monkey Forest Sanctuary,"Jl. Monkey Forest, Ubud 80571 Indonesia"
386,19681,2020,1,3,640,3,4,15,109,535.0,1,63,Sacred Monkey Forest Sanctuary,"Jl. Monkey Forest, Ubud 80571 Indonesia"
387,23890,2020,1,3,640,3,5,19,141,6424.0,1,63,Sacred Monkey Forest Sanctuary,"Jl. Monkey Forest, Ubud 80571 Indonesia"
389,75107,2020,1,2,640,5,2,8,51,1267.0,1,63,Sacred Monkey Forest Sanctuary,"Jl. Monkey Forest, Ubud 80571 Indonesia"
391,20362,2020,1,2,640,5,5,21,163,1396.0,1,63,Sacred Monkey Forest Sanctuary,"Jl. Monkey Forest, Ubud 80571 Indonesia"
392,48488,2020,1,5,640,5,4,15,109,1434.0,1,63,Sacred Monkey Forest Sanctuary,"Jl. Monkey Forest, Ubud 80571 Indonesia"
393,39504,2020,1,2,640,5,3,14,105,3458.0,1,63,Sacred Monkey Forest Sanctuary,"Jl. Monkey Forest, Ubud 80571 Indonesia"
397,34060,2020,1,3,640,5,3,14,101,3140.0,1,63,Sacred Monkey Forest Sanctuary,"Jl. Monkey Forest, Ubud 80571 Indonesia"
398,6355,2020,1,4,640,5,1,3,15,69.0,1,63,Sacred Monkey Forest Sanctuary,"Jl. Monkey Forest, Ubud 80571 Indonesia"
403,52542,2020,1,3,640,5,4,15,109,3812.0,1,63,Sacred Monkey Forest Sanctuary,"Jl. Monkey Forest, Ubud 80571 Indonesia"
404,58772,2020,1,2,640,5,1,3,14,57.0,1,63,Sacred Monkey Forest Sanctuary,"Jl. Monkey Forest, Ubud 80571 Indonesia"
405,58750,2020,1,4,640,5,3,14,108,3671.0,1,63,Sacred Monkey Forest Sanctuary,"Jl. Monkey Forest, Ubud 80571 Indonesia"
409,46971,2020,1,2,640,5,2,8,48,26.0,1,63,Sacred Monkey Forest Sanctuary,"Jl. Monkey Forest, Ubud 80571 Indonesia"
410,17018,2020,1,3,640,5,5,21,163,426.0,1,63,Sacred Monkey Forest Sanctuary,"Jl. Monkey Forest, Ubud 80571 Indonesia"
411,73591,2020,1,2,640,4,2,8,48,441.0,1,63,Sacred Monkey Forest Sanctuary,"Jl. Monkey Forest, Ubud 80571 Indonesia"
414,44572,2019,12,3,640,3,3,13,93,2690.0,1,63,Sacred Monkey Forest Sanctuary,"Jl. Monkey Forest, Ubud 80571 Indonesia"
415,73334,2020,1,5,640,5,3,13,94,2934.0,1,63,Sacred Monkey Forest Sanctuary,"Jl. Monkey Forest, Ubud 80571 Indonesia"
416,55962,2020,1,2,640,1,2,8,51,1674.0,1,63,Sacred Monkey Forest Sanctuary,"Jl. Monkey Forest, Ubud 80571 Indonesia"
417,21235,2020,1,4,640,5,5,21,163,972.0,1,63,Sacred Monkey Forest Sanctuary,"Jl. Monkey Forest, Ubud 80571 Indonesia"
421,78327,2020,1,2,640,4,5,20,157,7080.0,1,63,Sacred Monkey Forest Sanctuary,"Jl. Monkey Forest, Ubud 80571 Indonesia"
422,85955,2020,1,4,640,5,2,8,48,554.0,1,63,Sacred Monkey Forest Sanctuary,"Jl. Monkey Forest, Ubud 80571 Indonesia"
423,48535,2020,1,3,640,4,2,8,48,402.0,1,63,Sacred Monkey Forest Sanctuary,"Jl. Monkey Forest, Ubud 80571 Indonesia"
424,79458,2020,1,2,640,5,2,9,54,2189.0,1,63,Sacred Monkey Forest Sanctuary,"Jl. Monkey Forest, Ubud 80571 Indonesia"
428,58461,2020,1,2,640,4,3,13,93,2708.0,1,63,Sacred Monkey Forest Sanctuary,"Jl. Monkey Forest, Ubud 80571 Indonesia"
429,85351,2020,1,3,640,5,4,15,109,1434.0,1,63,Sacred Monkey Forest Sanctuary,"Jl. Monkey Forest, Ubud 80571 Indonesia"
430,87932,2020,1,2,640,5,3,14,107,3567.0,1,63,Sacred Monkey Forest Sanctuary,"Jl. Monkey Forest, Ubud 80571 Indonesia"
431,47662,2020,1,2,640,5,5,21,163,426.0,1,63,Sacred Monkey Forest Sanctuary,"Jl. Monkey Forest, Ubud 80571 Indonesia"
433,6464,2019,12,3,640,4,4,15,109,3687.0,1,63,Sacred Monkey Forest Sanctuary,"Jl. Monkey Forest, Ubud 80571 Indonesia"
436,54547,2019,12,2,640,4,5,20,157,7097.0,1,63,Sacred Monkey Forest Sanctuary,"Jl. Monkey Forest, Ubud 80571 Indonesia"
439,48254,2020,1,3,640,5,4,15,109,4118.0,1,63,Sacred Monkey Forest Sanctuary,"Jl. Monkey Forest, Ubud 80571 Indonesia"
442,31313,2019,12,4,640,5,3,14,101,3140.0,1,63,Sacred Monkey Forest Sanctuary,"Jl. Monkey Forest, Ubud 80571 Indonesia"
443,64200,2020,1,3,640,5,2,8,50,611.0,1,63,Sacred Monkey Forest Sanctuary,"Jl. Monkey Forest, Ubud 80571 Indonesia"
444,47878,2020,1,3,640,5,4,15,109,5283.0,1,63,Sacred Monkey Forest Sanctuary,"Jl. Monkey Forest, Ubud 80571 Indonesia"
445,76383,2020,1,2,640,3,4,15,109,4940.0,1,63,Sacred Monkey Forest Sanctuary,"Jl. Monkey Forest, Ubud 80571 Indonesia"
447,69047,2020,1,2,640,4,4,15,109,3786.0,1,63,Sacred Monkey Forest Sanctuary,"Jl. Monkey Forest, Ubud 80571 Indonesia"
448,4704,2020,1,2,640,3,4,16,115,5506.0,1,63,Sacred Monkey Forest Sanctuary,"Jl. Monkey Forest, Ubud 80571 Indonesia"
449,60786,2019,11,2,640,4,4,15,109,535.0,1,63,Sacred Monkey Forest Sanctuary,"Jl. Monkey Forest, Ubud 80571 Indonesia"
450,11567,2019,12,3,640,5,3,14,106,3551.0,1,63,Sacred Monkey Forest Sanctuary,"Jl. Monkey Forest, Ubud 80571 Indonesia"
452,9721,2020,1,4,640,5,5,21,163,8842.0,1,63,Sacred Monkey Forest Sanctuary,"Jl. Monkey Forest, Ubud 80571 Indonesia"
453,81917,2020,1,2,640,5,5,21,163,8905.0,1,63,Sacred Monkey Forest Sanctuary,"Jl. Monkey Forest, Ubud 80571 Indonesia"
455,74047,2020,1,3,640,5,5,21,163,743.0,1,63,Sacred Monkey Forest Sanctuary,"Jl. Monkey Forest, Ubud 80571 Indonesia"
456,35064,2019,12,2,640,3,1,4,22,136.0,1,63,Sacred Monkey Forest Sanctuary,"Jl. Monkey Forest, Ubud 80571 Indonesia"
457,16210,2019,12,2,640,4,4,15,109,1275.0,1,63,Sacred Monkey Forest Sanctuary,"Jl. Monkey Forest, Ubud 80571 Indonesia"
458,34475,2020,1,3,640,5,1,4,22,114.0,1,63,Sacred Monkey Forest Sanctuary,"Jl. Monkey Forest, Ubud 80571 Indonesia"
461,35014,2019,8,3,640,5,3,12,80,2534.0,1,63,Sacred Monkey Forest Sanctuary,"Jl. Monkey Forest, Ubud 80571 Indonesia"
465,32271,2019,12,4,640,5,5,17,133,6175.0,1,63,Sacred Monkey Forest Sanctuary,"Jl. Monkey Forest, Ubud 80571 Indonesia"
466,51045,2020,1,3,640,5,3,14,107,3577.0,1,63,Sacred Monkey Forest Sanctuary,"Jl. Monkey Forest, Ubud 80571 Indonesia"
467,61162,2020,1,5,640,2,3,12,89,2623.0,1,63,Sacred Monkey Forest Sanctuary,"Jl. Monkey Forest, Ubud 80571 Indonesia"
